Ville,Site Internet
Paris,https://mairiepariscentre.paris.fr/
Marseille,https://www.marseille.fr
Lyon,https://www.lyon.fr
Toulouse,https://www.toulouse.fr
Nice,https://www.nice.fr
Nantes,https://www.nantes.fr
Montpellier,https://www.montpellier.fr
Strasbourg,https://www.strasbourg.eu
Bordeaux,https://www.bordeaux.fr
Lille,https://www.lille.fr
Rennes,https://metropole.rennes.fr/
Reims,https://www.reims.fr
Saint-Étienne,https://www.saint-etienne.fr
Le Havre,https://www.lehavre.fr
Toulon,https://www.toulon.fr
Grenoble,https://www.grenoble.fr
Dijon,https://www.dijon.fr
Angers,https://www.angers.fr
Nîmes,https://www.nimes.fr
Villeurbanne,https://www.villeurbanne.fr
Clermont-Ferrand,https://clermont-ferrand.fr/
Le Mans,https://www.lemans.fr
Aix-en-Provence,https://www.aixenprovence.fr
Brest,https://www.brest.fr
Tours,https://www.tours.fr
Amiens,https://www.amiens.fr
Limoges,https://www.limoges.fr
Annecy,https://www.annecy.fr
Perpignan,https://www.perpignan.fr
Boulogne-Billancourt,https://www.boulognebillancourt.com
Besançon,https://www.besancon.fr
Metz,https://www.metz.fr
Orléans,https://www.orleans.fr
Saint-Denis,https://www.saintdenis.fr/
Argenteuil,https://www.argenteuil.fr
Rouen,https://www.rouen.fr
Montreuil,https://www.montreuil.fr
Mulhouse,https://www.mulhouse.fr
Caen,https://caen.fr/
Nancy,https://www.nancy.fr
Roubaix,https://www.ville-roubaix.fr/
Tourcoing,https://www.tourcoing.fr
Nanterre,https://www.nanterre.fr
Vitry-sur-Seine,https://www.vitry94.fr
Nouméa,https://www.ville-noumea.nc
Créteil,https://www.ville-creteil.fr
Avignon,https://www.avignon.fr
Asnières-sur-Seine,https://www.asnieres-sur-seine.fr
Colombes,https://www.colombes.fr
Aubervilliers,https://www.aubervilliers.fr
Poitiers,https://www.poitiers.fr
Dunkerque,https://www.ville-dunkerque.fr/
Aulnay-sous-Bois,https://www.aulnay-sous-bois.com
Saint-Pierre,https://www.saintpierre.re/
Versailles,https://www.versailles.fr
Le Tampon,https://www.letampon.fr/
Courbevoie,https://www.ville-courbevoie.fr/
Rueil-Malmaison,https://www.villederueil.fr/fr
Béziers,https://www.ville-beziers.fr/